merek_kendaraan,tahun_produksi,jarak_tempuh,jenis_bahan_bakar,jenis_transmisi,kondisi_kendaraan,harga_kendaraan
Toyota Yaris,2019,48180,Diesel,Manual,Sangat Baik,212000000
Honda Jazz,2019,1,Diesel,Manual,Sangat Baik,218000000
Honda HRV,2019,94153,Diesel,Manual,Baik,225000000
Toyota Kijang Innova,2019,14713,Diesel,Manual,Sangat Baik,468000000
Honda Jazz,2018,31783,Diesel,Manual,Sangat Baik,239000000
Toyota Kijang Innova,2018,2225,Diesel,Manual,Sangat Baik,335000000
Honda Mobilio,2017,34494,Diesel,Manual,Baik,165000000
Honda Mobilio,2017,34496,Diesel,Manual,Baik,165000000
Toyota Agya,2022,58666,Diesel,Manual,Sangat Baik,134000000
Honda Brio,2024,10973,Diesel,Manual,Sangat Baik,215000000
Toyota Fortuner,2024,15941,Diesel,Manual,Sangat Baik,595000000
Honda Brio,2021,17001,Diesel,Manual,Sangat Baik,185000000
Toyota Agya,2022,50000,Diesel,Manual,Sangat Baik,145000000
Daihatsu Sirion,2019,62212,Diesel,Manual,Sangat Baik,145000000
Nissan Serena,2017,94001,Diesel,Manual,Baik,190000000
Nissan Serena,2016,115761,Diesel,Manual,Baik,168000000
Chevrolet Spin,2015,69033,Diesel,Manual,Baik,115000000
Nissan March,2014,88580,Diesel,Manual,Cukup,115000000
Kia Picanto,2013,70050,Diesel,Manual,Cukup,91000000
Mazda 2,2012,122640,Diesel,Manual,Cukup,105000000
Honda City,2010,98848,Diesel,Manual,Cukup,115000000
Nissan Terrano,2004,212000,Diesel,Manual,Cukup,37900000
Toyota 86,2012,25,Diesel,Manual,Cukup,540000000
Daihatsu Sigra,2018,105000,Bensin,Manual,Baik,99000000
Toyota Avanza,2024,35275,Bensin,Manual,Sangat Baik,116000000
Toyota Avanza,2020,74269,Bensin,Otomatis,Sangat Baik,205000000
Honda Brio,2021,46657,Bensin,Manual,Baik,175000000
Mitsubishi Xpander,2018,83959,Bensin,Manual,Cukup,198000000
Toyota Fortuner,2020,92394,Diesel,Otomatis,Sangat Baik,543000000
Toyota Innova,2024,28576,Diesel,Otomatis,Baik,361000000
Toyota Avanza,2015,111930,Bensin,Manual,Baik,130000000
Honda Brio,2022,62239,Bensin,Manual,Baik,145000000
Toyota Innova,2018,80784,Diesel,Manual,Cukup,353000000
Mitsubishi Xpander,2021,53600,Bensin,Manual,Baik,280000000
Mitsubishi Xpander,2025,17993,Bensin,Otomatis,Baik,289000000
Toyota Avanza,2017,87092,Bensin,Otomatis,Baik,168000000
Toyota Fortuner,2015,171239,Diesel,Manual,Baik,541000000
Toyota Innova,2024,26474,Diesel,Otomatis,Cukup,375000000
Toyota Innova,2024,23104,Diesel,Otomatis,Sangat Baik,326000000
Toyota Avanza,2017,111046,Bensin,Manual,Sangat Baik,154000000
Toyota Fortuner,2018,78213,Diesel,Manual,Sangat Baik,370000000
Toyota Avanza,2016,115205,Bensin,Manual,Baik,110000000
Toyota Fortuner,2025,15910,Diesel,Otomatis,Sangat Baik,434000000
Mitsubishi Xpander,2022,71190,Bensin,Manual,Sangat Baik,200000000
Toyota Innova,2021,57521,Diesel,Manual,Sangat Baik,335000000
Toyota Fortuner,2021,71525,Diesel,Manual,Baik,566000000
Honda Brio,2014,118498,Bensin,Otomatis,Baik,145000000
Toyota Fortuner,2019,80668,Diesel,Manual,Cukup,353000000
Toyota Avanza,2017,159719,Bensin,Otomatis,Baik,195000000
Toyota Avanza,2016,143572,Bensin,Manual,Sangat Baik,204000000
Toyota Fortuner,2017,137216,Diesel,Manual,Baik,568000000
Mitsubishi Xpander,2021,60659,Bensin,Manual,Cukup,284000000
Mitsubishi Xpander,2017,114797,Bensin,Otomatis,Baik,192000000
Honda Brio,2015,169749,Bensin,Manual,Sangat Baik,169000000
Toyota Fortuner,2019,76455,Diesel,Manual,Baik,519000000
Toyota Fortuner,2017,154942,Diesel,Otomatis,Baik,502000000
Toyota Innova,2019,82531,Diesel,Otomatis,Baik,297000000
Toyota Avanza,2017,120499,Bensin,Manual,Baik,126000000
Toyota Avanza,2021,52662,Bensin,Otomatis,Sangat Baik,232000000
Toyota Fortuner,2016,112632,Diesel,Manual,Sangat Baik,448000000
Honda Brio,2022,69349,Bensin,Otomatis,Baik,212000000
Honda Brio,2018,93469,Bensin,Manual,Baik,146000000
Toyota Fortuner,2020,83358,Diesel,Otomatis,Baik,606000000
Honda Brio,2021,72017,Bensin,Manual,Baik,215000000
Toyota Avanza,2023,41197,Bensin,Manual,Sangat Baik,196000000
Toyota Fortuner,2024,28796,Diesel,Otomatis,Sangat Baik,359000000
Toyota Avanza,2014,135625,Bensin,Otomatis,Cukup,189000000
Toyota Avanza,2017,82103,Bensin,Manual,Sangat Baik,133000000
Toyota Innova,2019,84553,Diesel,Manual,Baik,344000000
Mitsubishi Xpander,2014,124934,Bensin,Otomatis,Sangat Baik,304000000
Toyota Innova,2018,91779,Diesel,Manual,Cukup,323000000
Honda Brio,2017,116263,Bensin,Manual,Cukup,153000000
Toyota Fortuner,2015,190288,Diesel,Otomatis,Sangat Baik,384000000
Toyota Innova,2021,80060,Diesel,Manual,Sangat Baik,461000000
Toyota Fortuner,2014,132075,Diesel,Otomatis,Sangat Baik,323000000
Toyota Innova,2023,45057,Diesel,Manual,Sangat Baik,266000000
Mitsubishi Xpander,2023,50881,Bensin,Manual,Sangat Baik,271000000
Toyota Avanza,2018,105503,Bensin,Manual,Sangat Baik,166000000
Toyota Fortuner,2021,65528,Diesel,Otomatis,Baik,517000000
Mitsubishi Xpander,2023,48257,Bensin,Manual,Baik,279000000
Toyota Fortuner,2016,132300,Diesel,Otomatis,Baik,344000000
Toyota Avanza,2022,68597,Bensin,Otomatis,Baik,149000000
Toyota Avanza,2023,28036,Bensin,Otomatis,Sangat Baik,215000000
Honda Brio,2016,161662,Bensin,Otomatis,Sangat Baik,169000000
Toyota Fortuner,2023,36038,Diesel,Manual,Sangat Baik,614000000
Honda Brio,2019,65318,Bensin,Manual,Sangat Baik,125000000
Honda Brio,2019,87949,Bensin,Otomatis,Cukup,153000000
Mitsubishi Xpander,2018,142049,Bensin,Manual,Sangat Baik,196000000
Toyota Avanza,2022,41951,Bensin,Otomatis,Cukup,220000000
Honda Brio,2023,42937,Bensin,Manual,Cukup,192000000
Toyota Avanza,2024,25927,Bensin,Otomatis,Sangat Baik,110000000
Toyota Fortuner,2021,87378,Diesel,Otomatis,Sangat Baik,615000000
Mitsubishi Xpander,2017,126536,Bensin,Otomatis,Cukup,258000000
Mitsubishi Xpander,2015,114428,Bensin,Manual,Sangat Baik,204000000
Mitsubishi Xpander,2014,191912,Bensin,Otomatis,Sangat Baik,229000000
Toyota Avanza,2025,11081,Bensin,Otomatis,Baik,196000000
Toyota Innova,2025,11443,Diesel,Manual,Sangat Baik,345000000
Toyota Avanza,2020,93493,Bensin,Manual,Sangat Baik,207000000
Toyota Innova,2016,151511,Diesel,Manual,Sangat Baik,276000000
Mitsubishi Xpander,2018,73917,Bensin,Otomatis,Sangat Baik,263000000
Honda Brio,2021,83985,Bensin,Manual,Baik,120000000
Toyota Avanza,2020,102733,Bensin,Manual,Baik,216000000
Honda Brio,2021,82610,Bensin,Manual,Sangat Baik,154000000
Mitsubishi Xpander,2024,33199,Bensin,Manual,Sangat Baik,269000000
Toyota Fortuner,2024,19919,Diesel,Otomatis,Sangat Baik,533000000
Toyota Avanza,2025,17240,Bensin,Otomatis,Baik,169000000
Toyota Innova,2018,96883,Diesel,Otomatis,Baik,246000000
Honda Brio,2024,27997,Bensin,Otomatis,Sangat Baik,174000000
Toyota Fortuner,2022,36655,Diesel,Otomatis,Cukup,590000000
Honda Brio,2023,40384,Bensin,Otomatis,Cukup,153000000
Toyota Avanza,2015,116547,Bensin,Manual,Sangat Baik,185000000
Honda Brio,2015,161656,Bensin,Manual,Baik,215000000
Honda Brio,2024,19972,Bensin,Otomatis,Baik,176000000
Mitsubishi Xpander,2017,97325,Bensin,Manual,Cukup,186000000
Toyota Avanza,2020,90258,Bensin,Otomatis,Sangat Baik,160000000
Toyota Avanza,2018,77155,Bensin,Otomatis,Sangat Baik,174000000
Toyota Innova,2017,141511,Diesel,Manual,Baik,258000000
Toyota Fortuner,2017,152775,Diesel,Otomatis,Baik,389000000
Toyota Fortuner,2014,204029,Diesel,Manual,Sangat Baik,476000000
Toyota Avanza,2023,53348,Bensin,Manual,Sangat Baik,220000000
Toyota Avanza,2022,61908,Bensin,Otomatis,Baik,234000000
Mitsubishi Xpander,2015,131696,Bensin,Manual,Cukup,225000000
Toyota Avanza,2024,25606,Bensin,Manual,Baik,173000000
Toyota Fortuner,2013,167905,Diesel,Manual,Sangat Baik,526000000
Honda Brio,2025,11107,Bensin,Manual,Baik,169000000
Mitsubishi Xpander,2014,181004,Bensin,Manual,Baik,197000000
Toyota Fortuner,2013,155639,Diesel,Manual,Baik,557000000
Toyota Innova,2024,33484,Diesel,Otomatis,Baik,411000000
Mitsubishi Xpander,2021,80791,Bensin,Manual,Baik,263000000
Mitsubishi Xpander,2021,79404,Bensin,Manual,Sangat Baik,210000000
Toyota Fortuner,2023,47676,Diesel,Otomatis,Baik,321000000
Toyota Fortuner,2018,139437,Diesel,Otomatis,Sangat Baik,448000000
Toyota Fortuner,2025,15308,Diesel,Otomatis,Baik,465000000
Toyota Fortuner,2021,56387,Diesel,Otomatis,Baik,400000000
Honda Brio,2014,197768,Bensin,Otomatis,Cukup,176000000
Toyota Avanza,2022,60646,Bensin,Manual,Baik,128000000
Toyota Avanza,2013,205892,Bensin,Manual,Sangat Baik,140000000
Toyota Fortuner,2018,74365,Diesel,Manual,Baik,522000000
Mitsubishi Xpander,2017,85437,Bensin,Manual,Cukup,187000000
Toyota Fortuner,2015,197015,Diesel,Manual,Sangat Baik,433000000
Toyota Fortuner,2018,133354,Diesel,Otomatis,Cukup,531000000
Toyota Avanza,2017,95741,Bensin,Manual,Sangat Baik,155000000
Toyota Innova,2013,192928,Diesel,Manual,Sangat Baik,361000000
Honda Brio,2019,72635,Bensin,Manual,Sangat Baik,156000000
Toyota Avanza,2013,147082,Bensin,Manual,Cukup,154000000
Toyota Fortuner,2017,83020,Diesel,Manual,Sangat Baik,437000000
Toyota Avanza,2013,200762,Bensin,Otomatis,Cukup,221000000
Toyota Innova,2022,57440,Diesel,Otomatis,Sangat Baik,464000000
Toyota Avanza,2021,66456,Bensin,Manual,Cukup,120000000
Mitsubishi Xpander,2018,99677,Bensin,Otomatis,Cukup,304000000
Toyota Fortuner,2014,167648,Diesel,Manual,Baik,615000000
Mitsubishi Xpander,2014,199344,Bensin,Otomatis,Baik,286000000
Toyota Avanza,2024,20380,Bensin,Manual,Sangat Baik,213000000
Toyota Innova,2013,197550,Diesel,Manual,Baik,364000000
Toyota Fortuner,2021,68967,Diesel,Otomatis,Cukup,449000000
Honda Brio,2020,70269,Bensin,Otomatis,Sangat Baik,213000000
Toyota Avanza,2017,125021,Bensin,Otomatis,Sangat Baik,177000000
Toyota Innova,2015,130378,Diesel,Manual,Baik,306000000
Toyota Fortuner,2020,72924,Diesel,Manual,Cukup,322000000
Toyota Avanza,2019,87723,Bensin,Manual,Cukup,199000000
Toyota Fortuner,2014,124399,Diesel,Manual,Cukup,353000000
Honda Brio,2023,33141,Bensin,Manual,Sangat Baik,221000000
Honda Brio,2014,193016,Bensin,Manual,Cukup,168000000
Toyota Innova,2023,32550,Diesel,Manual,Sangat Baik,331000000
Mitsubishi Xpander,2017,149518,Bensin,Otomatis,Baik,281000000
Mitsubishi Xpander,2013,199536,Bensin,Manual,Sangat Baik,254000000
Toyota Fortuner,2020,79003,Diesel,Otomatis,Sangat Baik,372000000
Toyota Innova,2018,119760,Diesel,Manual,Baik,346000000
Toyota Avanza,2020,87588,Bensin,Otomatis,Baik,162000000
Toyota Innova,2020,103680,Diesel,Manual,Sangat Baik,456000000
Toyota Innova,2019,89799,Diesel,Manual,Baik,465000000
Honda Brio,2016,93221,Bensin,Manual,Sangat Baik,117000000
Mitsubishi Xpander,2016,119730,Bensin,Otomatis,Sangat Baik,256000000
Honda Brio,2020,101374,Bensin,Manual,Sangat Baik,141000000
Mitsubishi Xpander,2015,166844,Bensin,Otomatis,Sangat Baik,225000000
Toyota Avanza,2022,70186,Bensin,Otomatis,Sangat Baik,120000000
Toyota Fortuner,2015,119761,Diesel,Manual,Sangat Baik,401000000
Mitsubishi Xpander,2025,9034,Bensin,Manual,Sangat Baik,212000000
Toyota Innova,2014,205212,Diesel,Manual,Baik,366000000
Honda Brio,2021,89055,Bensin,Otomatis,Sangat Baik,168000000
Toyota Avanza,2013,122847,Bensin,Otomatis,Baik,166000000
Mitsubishi Xpander,2020,63566,Bensin,Otomatis,Sangat Baik,274000000
Toyota Fortuner,2017,152659,Diesel,Otomatis,Baik,495000000
Toyota Avanza,2018,115480,Bensin,Manual,Baik,145000000
Toyota Avanza,2020,55795,Bensin,Manual,Baik,187000000
Toyota Avanza,2014,198357,Bensin,Otomatis,Sangat Baik,232000000
Toyota Fortuner,2025,17037,Diesel,Manual,Cukup,590000000
Toyota Fortuner,2017,101616,Diesel,Manual,Sangat Baik,524000000
Toyota Innova,2025,13225,Diesel,Otomatis,Cukup,379000000
Toyota Fortuner,2016,94575,Diesel,Manual,Cukup,341000000
Mitsubishi Xpander,2016,170407,Bensin,Manual,Sangat Baik,265000000
Toyota Avanza,2019,98423,Bensin,Manual,Sangat Baik,160000000
Honda Brio,2019,106980,Bensin,Manual,Sangat Baik,138000000
Toyota Innova,2017,125388,Diesel,Manual,Sangat Baik,401000000
Toyota Fortuner,2019,68906,Diesel,Otomatis,Sangat Baik,373000000
Honda Brio,2024,22601,Bensin,Manual,Baik,181000000
Honda Brio,2013,131109,Bensin,Manual,Cukup,202000000
Honda Brio,2013,149692,Bensin,Manual,Sangat Baik,118000000
Toyota Fortuner,2021,84274,Diesel,Manual,Cukup,509000000
Mitsubishi Xpander,2024,28292,Bensin,Manual,Sangat Baik,255000000
Honda Brio,2017,136710,Bensin,Manual,Sangat Baik,220000000
Toyota Innova,2015,171911,Diesel,Otomatis,Sangat Baik,456000000
Honda Brio,2024,29927,Bensin,Otomatis,Baik,220000000
Toyota Avanza,2023,50107,Bensin,Manual,Cukup,208000000
Honda Brio,2021,69627,Bensin,Otomatis,Baik,145000000
Toyota Fortuner,2015,144458,Diesel,Otomatis,Baik,350000000
Mitsubishi Xpander,2014,194303,Bensin,Manual,Sangat Baik,228000000
Toyota Innova,2020,92663,Diesel,Manual,Sangat Baik,422000000
Mitsubishi Xpander,2016,141646,Bensin,Otomatis,Sangat Baik,228000000
Mitsubishi Xpander,2024,18628,Bensin,Otomatis,Sangat Baik,186000000
Honda Brio,2018,119212,Bensin,Manual,Baik,182000000
Mitsubishi Xpander,2020,97975,Bensin,Manual,Sangat Baik,273000000
Toyota Fortuner,2022,50340,Diesel,Manual,Sangat Baik,518000000
Toyota Fortuner,2017,98612,Diesel,Manual,Cukup,461000000
Honda Brio,2014,204979,Bensin,Manual,Sangat Baik,182000000
Mitsubishi Xpander,2014,188436,Bensin,Otomatis,Baik,193000000
Mitsubishi Xpander,2025,15448,Bensin,Manual,Cukup,269000000
Honda Brio,2021,77146,Bensin,Otomatis,Cukup,224000000
Mitsubishi Xpander,2019,98072,Bensin,Manual,Sangat Baik,182000000
Honda Brio,2022,61262,Bensin,Otomatis,Sangat Baik,123000000
Toyota Avanza,2017,83497,Bensin,Otomatis,Baik,136000000
Honda Brio,2020,92777,Bensin,Manual,Sangat Baik,143000000
Mitsubishi Xpander,2024,28605,Bensin,Manual,Baik,198000000
Toyota Fortuner,2021,78922,Diesel,Manual,Sangat Baik,424000000
Honda Brio,2015,143795,Bensin,Otomatis,Sangat Baik,176000000
Toyota Innova,2020,89273,Diesel,Manual,Sangat Baik,287000000
Honda Brio,2017,118733,Bensin,Otomatis,Baik,138000000
Toyota Avanza,2017,119289,Bensin,Manual,Sangat Baik,149000000
Honda Brio,2018,120496,Bensin,Manual,Baik,195000000
Toyota Fortuner,2020,91166,Diesel,Otomatis,Sangat Baik,408000000
Mitsubishi Xpander,2022,54109,Bensin,Manual,Baik,180000000
Toyota Avanza,2014,113688,Bensin,Manual,Baik,180000000
Toyota Fortuner,2022,45655,Diesel,Manual,Sangat Baik,550000000
Mitsubishi Xpander,2014,214433,Bensin,Manual,Baik,261000000
Toyota Avanza,2015,156926,Bensin,Otomatis,Baik,138000000
Toyota Innova,2013,160619,Diesel,Manual,Baik,234000000
Toyota Fortuner,2018,105816,Diesel,Otomatis,Sangat Baik,372000000
Mitsubishi Xpander,2021,76283,Bensin,Otomatis,Baik,243000000
Toyota Avanza,2024,33027,Bensin,Manual,Baik,114000000
Toyota Fortuner,2024,27066,Diesel,Otomatis,Cukup,497000000
Toyota Innova,2014,201494,Diesel,Manual,Baik,322000000
Toyota Fortuner,2016,103527,Diesel,Otomatis,Baik,418000000
Honda Brio,2022,55124,Bensin,Manual,Baik,158000000
Honda Brio,2013,209511,Bensin,Manual,Baik,217000000
Toyota Avanza,2014,182536,Bensin,Otomatis,Baik,151000000
Mitsubishi Xpander,2013,122935,Bensin,Otomatis,Baik,301000000
Honda Brio,2022,40369,Bensin,Manual,Sangat Baik,149000000
Toyota Avanza,2014,116951,Bensin,Otomatis,Cukup,225000000
Toyota Fortuner,2020,94621,Diesel,Manual,Cukup,360000000
Toyota Innova,2014,215748,Diesel,Otomatis,Cukup,443000000
Mitsubishi Xpander,2016,131745,Bensin,Manual,Baik,297000000
Toyota Fortuner,2025,15144,Diesel,Otomatis,Sangat Baik,413000000
Toyota Avanza,2013,229821,Bensin,Otomatis,Cukup,147000000
Toyota Innova,2015,145928,Diesel,Otomatis,Cukup,407000000
Toyota Avanza,2022,57480,Bensin,Manual,Baik,230000000
Toyota Fortuner,2013,161090,Diesel,Manual,Sangat Baik,464000000
Toyota Avanza,2013,196995,Bensin,Otomatis,Baik,122000000
Toyota Avanza,2014,112946,Bensin,Otomatis,Cukup,161000000
Mitsubishi Xpander,2022,56469,Bensin,Manual,Sangat Baik,188000000
Honda Brio,2020,92076,Bensin,Otomatis,Baik,162000000
Toyota Avanza,2024,34960,Bensin,Manual,Baik,189000000
Toyota Fortuner,2024,32599,Diesel,Manual,Baik,444000000
Mitsubishi Xpander,2025,12531,Bensin,Otomatis,Baik,189000000
Mitsubishi Xpander,2013,156078,Bensin,Otomatis,Sangat Baik,210000000
Honda Brio,2023,46488,Bensin,Otomatis,Baik,127000000
Toyota Fortuner,2021,86506,Diesel,Manual,Cukup,326000000
Honda Brio,2018,87876,Bensin,Otomatis,Cukup,199000000
Toyota Fortuner,2018,89168,Diesel,Manual,Sangat Baik,455000000
Toyota Fortuner,2018,100319,Diesel,Otomatis,Sangat Baik,329000000
Mitsubishi Xpander,2018,100002,Bensin,Manual,Sangat Baik,229000000
Toyota Avanza,2020,97900,Bensin,Otomatis,Baik,135000000
Toyota Avanza,2022,70507,Bensin,Manual,Baik,136000000
Honda Brio,2013,144582,Bensin,Manual,Baik,155000000
Mitsubishi Xpander,2019,110779,Bensin,Manual,Sangat Baik,308000000
Honda Brio,2025,16487,Bensin,Otomatis,Cukup,134000000
Mitsubishi Xpander,2014,198777,Bensin,Otomatis,Baik,261000000
Toyota Innova,2022,43872,Diesel,Manual,Baik,423000000
Mitsubishi Xpander,2017,160818,Bensin,Manual,Sangat Baik,290000000
Toyota Innova,2025,11209,Diesel,Manual,Cukup,344000000
Mitsubishi Xpander,2014,199248,Bensin,Manual,Sangat Baik,228000000
Toyota Avanza,2019,72712,Bensin,Manual,Sangat Baik,148000000
Honda Brio,2018,128124,Bensin,Otomatis,Sangat Baik,119000000
Mitsubishi Xpander,2016,126843,Bensin,Otomatis,Sangat Baik,207000000
Toyota Avanza,2022,63265,Bensin,Manual,Sangat Baik,211000000
Toyota Avanza,2022,39594,Bensin,Manual,Cukup,192000000
Toyota Fortuner,2021,56397,Diesel,Manual,Baik,580000000
Toyota Innova,2018,77726,Diesel,Manual,Sangat Baik,271000000
Honda Brio,2023,39921,Bensin,Otomatis,Sangat Baik,166000000
Mitsubishi Xpander,2021,84071,Bensin,Otomatis,Sangat Baik,213000000
Toyota Innova,2017,112868,Diesel,Otomatis,Sangat Baik,463000000
Honda Brio,2025,10245,Bensin,Manual,Sangat Baik,178000000
Toyota Innova,2022,71668,Diesel,Manual,Sangat Baik,459000000
Toyota Fortuner,2019,65097,Diesel,Manual,Sangat Baik,615000000
Mitsubishi Xpander,2022,42360,Bensin,Manual,Baik,200000000
Toyota Avanza,2013,134397,Bensin,Otomatis,Baik,218000000
Mitsubishi Xpander,2024,21732,Bensin,Manual,Baik,234000000
Toyota Innova,2023,31878,Diesel,Manual,Baik,357000000
Honda Brio,2014,132897,Bensin,Otomatis,Baik,135000000
Toyota Fortuner,2013,124016,Diesel,Manual,Baik,515000000
Mitsubishi Xpander,2025,13578,Bensin,Manual,Sangat Baik,259000000
Honda Brio,2020,96339,Bensin,Manual,Baik,145000000
Toyota Fortuner,2020,92228,Diesel,Otomatis,Sangat Baik,611000000
Toyota Innova,2021,48339,Diesel,Otomatis,Baik,317000000
Toyota Innova,2013,161173,Diesel,Otomatis,Baik,416000000
Mitsubishi Xpander,2014,172810,Bensin,Otomatis,Baik,244000000
Toyota Innova,2021,63447,Diesel,Manual,Cukup,348000000
Toyota Avanza,2022,63482,Bensin,Manual,Cukup,124000000
Toyota Fortuner,2022,47637,Diesel,Otomatis,Baik,364000000
Toyota Fortuner,2018,92766,Diesel,Otomatis,Cukup,323000000
Toyota Fortuner,2022,67863,Diesel,Otomatis,Baik,614000000
Toyota Innova,2019,65334,Diesel,Manual,Sangat Baik,391000000
Toyota Innova,2022,60777,Diesel,Otomatis,Baik,235000000
Toyota Fortuner,2025,10568,Diesel,Otomatis,Baik,518000000
Mitsubishi Xpander,2023,48355,Bensin,Manual,Sangat Baik,249000000
Honda Brio,2016,154099,Bensin,Otomatis,Baik,182000000
Toyota Avanza,2023,49263,Bensin,Otomatis,Baik,191000000
Mitsubishi Xpander,2019,95659,Bensin,Manual,Baik,294000000
Toyota Fortuner,2020,92001,Diesel,Manual,Sangat Baik,522000000
Toyota Avanza,2020,87914,Bensin,Manual,Sangat Baik,157000000
Honda Brio,2017,103262,Bensin,Manual,Baik,156000000
Honda Brio,2013,137493,Bensin,Otomatis,Baik,117000000
Toyota Fortuner,2015,105623,Diesel,Otomatis,Baik,612000000
Toyota Innova,2014,122841,Diesel,Otomatis,Sangat Baik,308000000
Honda Brio,2023,36696,Bensin,Manual,Baik,156000000
Honda Brio,2022,50496,Bensin,Otomatis,Cukup,223000000
Toyota Innova,2013,147759,Diesel,Otomatis,Cukup,410000000
Toyota Avanza,2025,10295,Bensin,Otomatis,Baik,130000000
Mitsubishi Xpander,2016,97556,Bensin,Manual,Baik,205000000
Toyota Avanza,2020,106574,Bensin,Otomatis,Baik,167000000
Toyota Fortuner,2015,148286,Diesel,Otomatis,Baik,580000000
Toyota Fortuner,2019,76567,Diesel,Manual,Sangat Baik,338000000
Toyota Avanza,2020,55267,Bensin,Otomatis,Sangat Baik,149000000
Mitsubishi Xpander,2024,22566,Bensin,Otomatis,Sangat Baik,254000000
Honda Brio,2019,101369,Bensin,Manual,Baik,160000000
Toyota Innova,2023,37828,Diesel,Manual,Baik,325000000
Toyota Innova,2019,100058,Diesel,Otomatis,Baik,455000000
Toyota Avanza,2025,11913,Bensin,Manual,Sangat Baik,205000000
Mitsubishi Xpander,2016,126472,Bensin,Otomatis,Sangat Baik,211000000
Toyota Fortuner,2021,82212,Diesel,Manual,Cukup,531000000
Toyota Fortuner,2014,194995,Diesel,Otomatis,Sangat Baik,334000000
Honda Brio,2013,198616,Bensin,Otomatis,Sangat Baik,210000000
Toyota Innova,2018,119465,Diesel,Manual,Baik,316000000
Toyota Innova,2018,74986,Diesel,Manual,Baik,467000000
Toyota Avanza,2025,9533,Bensin,Otomatis,Baik,224000000
Toyota Innova,2013,135051,Diesel,Manual,Cukup,289000000
Toyota Avanza,2016,117386,Bensin,Otomatis,Baik,140000000
Toyota Innova,2016,170902,Diesel,Otomatis,Baik,259000000
Toyota Avanza,2018,90110,Bensin,Manual,Baik,185000000
Toyota Fortuner,2023,48899,Diesel,Otomatis,Cukup,548000000
Toyota Fortuner,2024,22757,Diesel,Otomatis,Sangat Baik,340000000
Toyota Innova,2021,65248,Diesel,Manual,Sangat Baik,442000000
Mitsubishi Xpander,2018,115403,Bensin,Manual,Baik,285000000
Honda Brio,2022,62534,Bensin,Otomatis,Sangat Baik,188000000
Mitsubishi Xpander,2017,117317,Bensin,Otomatis,Cukup,290000000
Toyota Innova,2013,175983,Diesel,Manual,Sangat Baik,339000000
Honda Brio,2024,30748,Bensin,Manual,Baik,178000000
Honda Brio,2022,37430,Bensin,Manual,Baik,189000000
Toyota Innova,2025,11436,Diesel,Otomatis,Sangat Baik,363000000
Mitsubishi Xpander,2015,106568,Bensin,Otomatis,Baik,269000000
Toyota Innova,2013,119437,Diesel,Otomatis,Cukup,324000000
Honda Brio,2025,12073,Bensin,Manual,Sangat Baik,183000000
Toyota Fortuner,2022,59072,Diesel,Manual,Sangat Baik,565000000
Toyota Innova,2019,92546,Diesel,Otomatis,Baik,392000000
Toyota Fortuner,2018,89865,Diesel,Manual,Cukup,380000000
Toyota Innova,2024,30410,Diesel,Manual,Sangat Baik,376000000
Mitsubishi Xpander,2020,62235,Bensin,Otomatis,Sangat Baik,242000000
Toyota Innova,2023,37283,Diesel,Otomatis,Sangat Baik,474000000
Toyota Fortuner,2024,20069,Diesel,Otomatis,Cukup,378000000
Toyota Fortuner,2019,113297,Diesel,Otomatis,Cukup,600000000
Toyota Fortuner,2021,67897,Diesel,Otomatis,Cukup,483000000
Mitsubishi Xpander,2019,113609,Bensin,Manual,Sangat Baik,196000000
Mitsubishi Xpander,2023,39268,Bensin,Otomatis,Sangat Baik,222000000
Honda Brio,2016,174159,Bensin,Otomatis,Baik,186000000
Honda Brio,2019,91755,Bensin,Otomatis,Baik,220000000
Toyota Fortuner,2023,28843,Diesel,Otomatis,Cukup,400000000
Honda Brio,2013,193125,Bensin,Otomatis,Baik,200000000
Toyota Innova,2024,33932,Diesel,Manual,Baik,388000000
Honda Brio,2021,61529,Bensin,Manual,Sangat Baik,117000000
Toyota Innova,2021,66917,Diesel,Manual,Sangat Baik,324000000
Toyota Fortuner,2015,102203,Diesel,Otomatis,Sangat Baik,453000000
Toyota Avanza,2024,28708,Bensin,Manual,Sangat Baik,182000000
Toyota Innova,2014,142725,Diesel,Otomatis,Cukup,345000000
Mitsubishi Xpander,2025,16649,Bensin,Otomatis,Cukup,205000000
Toyota Fortuner,2016,157166,Diesel,Otomatis,Cukup,615000000
Toyota Avanza,2015,169605,Bensin,Otomatis,Baik,206000000
Honda Brio,2017,107892,Bensin,Manual,Sangat Baik,144000000
Toyota Avanza,2017,152262,Bensin,Manual,Baik,166000000
Toyota Fortuner,2013,138682,Diesel,Otomatis,Sangat Baik,569000000
Toyota Innova,2024,24448,Diesel,Otomatis,Baik,264000000
Toyota Innova,2015,152370,Diesel,Otomatis,Sangat Baik,401000000
Mitsubishi Xpander,2024,20466,Bensin,Manual,Sangat Baik,256000000
Toyota Avanza,2021,55113,Bensin,Otomatis,Baik,194000000
Honda Brio,2013,184172,Bensin,Otomatis,Baik,140000000
Mitsubishi Xpander,2024,20057,Bensin,Manual,Sangat Baik,251000000
Honda Brio,2016,97122,Bensin,Manual,Baik,145000000
Toyota Fortuner,2024,20480,Diesel,Otomatis,Baik,514000000
Honda Brio,2019,100867,Bensin,Otomatis,Baik,194000000
Honda Brio,2014,215243,Bensin,Otomatis,Cukup,201000000
Toyota Fortuner,2020,100336,Diesel,Manual,Sangat Baik,330000000
Toyota Innova,2014,150415,Diesel,Otomatis,Sangat Baik,259000000
Honda Brio,2024,28854,Bensin,Otomatis,Baik,117000000
Toyota Fortuner,2021,74513,Diesel,Manual,Baik,527000000
Mitsubishi Xpander,2019,71111,Bensin,Manual,Cukup,274000000
Toyota Fortuner,2013,227498,Diesel,Otomatis,Sangat Baik,545000000
Mitsubishi Xpander,2015,135720,Bensin,Manual,Sangat Baik,225000000
Toyota Avanza,2017,98662,Bensin,Otomatis,Baik,118000000
Toyota Innova,2018,140257,Diesel,Manual,Sangat Baik,266000000
Mitsubishi Xpander,2013,179037,Bensin,Otomatis,Cukup,201000000
Toyota Avanza,2013,173449,Bensin,Otomatis,Baik,132000000
Toyota Innova,2018,84627,Diesel,Otomatis,Baik,284000000
Mitsubishi Xpander,2020,94383,Bensin,Manual,Sangat Baik,202000000
Toyota Fortuner,2025,11042,Diesel,Otomatis,Baik,605000000
Toyota Avanza,2019,79902,Bensin,Otomatis,Sangat Baik,188000000
Toyota Avanza,2022,60909,Bensin,Otomatis,Cukup,195000000
Mitsubishi Xpander,2015,131227,Bensin,Otomatis,Baik,196000000
Toyota Avanza,2017,119005,Bensin,Manual,Sangat Baik,212000000
Toyota Avanza,2015,187422,Bensin,Otomatis,Sangat Baik,209000000
Toyota Innova,2023,34248,Diesel,Manual,Cukup,429000000
Honda Brio,2018,95520,Bensin,Manual,Baik,203000000
Mitsubishi Xpander,2025,14989,Bensin,Manual,Baik,188000000
Mitsubishi Xpander,2013,189991,Bensin,Manual,Sangat Baik,202000000
Toyota Fortuner,2025,14512,Diesel,Otomatis,Baik,536000000
Mitsubishi Xpander,2025,17988,Bensin,Manual,Baik,221000000
Toyota Innova,2024,28063,Diesel,Manual,Sangat Baik,281000000
Toyota Yaris,2019,48180,Bensin,Otomatis,Cukup,212000000
Honda Jazz,2019,27415,Bensin,Manual,Cukup,218000000
Honda HRV,2019,94153,Bensin,Otomatis,Cukup,225000000
Toyota Kijang Innova,2019,14713,Diesel,Manual,Cukup,468000000
Honda Jazz,2018,31783,Bensin,Otomatis,Cukup,239000000
Toyota Kijang Innova,2018,2225,Diesel,Otomatis,Cukup,335000000
Honda Mobilio,2017,34494,Bensin,Otomatis,Cukup,165000000
Honda Mobilio,2017,34496,Bensin,Otomatis,Cukup,165000000
Honda Brio,2024,10973,Bensin,Otomatis,Sangat Baik,215000000
Daihatsu Sirion,2019,62212,Bensin,Otomatis,Cukup,145000000
Nissan Serena,2017,94001,Bensin,Otomatis,Cukup,190000000
Kia Picanto,2013,70050,Bensin,Manual,Kurang,91000000
Mazda 2 Sedan,2012,122640,Bensin,Otomatis,Kurang,105000000
Honda City,2010,98848,Bensin,Otomatis,Kurang,115000000
Toyota Fortuner,2019,64514,Diesel,Otomatis,Baik,458000000
Honda Brio,2019,109247,Bensin,Otomatis,Sangat Baik,151000000
Daihatsu Sigra,2020,107690,Bensin,Manual,Baik,117000000
Mitsubishi Xpander,2018,102302,Bensin,Manual,Sangat Baik,185000000
Toyota Fortuner,2018,131204,Diesel,Otomatis,Sangat Baik,408000000
Toyota Innova Reborn,2021,75926,Bensin,Manual,Cukup,374000000
Toyota Innova Reborn,2022,69224,Bensin,Manual,Sangat Baik,413000000
Toyota Innova Reborn,2019,114336,Bensin,Manual,Cukup,322000000
Toyota Avanza,2019,98178,Bensin,Manual,Baik,160000000
Daihatsu Sigra,2020,106885,Bensin,Otomatis,Cukup,128000000
Daihatsu Sigra,2020,99242,Bensin,Otomatis,Sangat Baik,127000000
Toyota Fortuner,2019,91469,Diesel,Manual,Sangat Baik,437000000
Mitsubishi Xpander,2020,96681,Bensin,Otomatis,Baik,227000000
Toyota Innova Reborn,2019,112197,Diesel,Otomatis,Cukup,320000000
Toyota Innova Reborn,2020,70662,Diesel,Manual,Baik,341000000
Toyota Fortuner,2018,84000,Diesel,Manual,Cukup,413000000
Honda Brio,2022,60205,Bensin,Manual,Baik,190000000
Mitsubishi Xpander,2022,67115,Bensin,Manual,Cukup,267000000
Toyota Innova Reborn,2018,139080,Diesel,Manual,Sangat Baik,292000000
Toyota Avanza,2020,62754,Bensin,Otomatis,Sangat Baik,179000000
Toyota Innova Reborn,2021,87456,Bensin,Manual,Sangat Baik,372000000
Toyota Avanza,2018,110964,Bensin,Otomatis,Baik,149000000
Honda Brio,2018,103404,Bensin,Otomatis,Sangat Baik,143000000
Daihatsu Sigra,2019,114287,Bensin,Manual,Sangat Baik,110000000
Mitsubishi Xpander,2022,55918,Bensin,Otomatis,Sangat Baik,266000000
Toyota Fortuner,2019,92379,Bensin,Otomatis,Baik,447000000
Toyota Innova Reborn,2022,59051,Bensin,Manual,Baik,410000000
Toyota Innova Reborn,2019,109970,Bensin,Otomatis,Sangat Baik,330000000
Honda Brio,2022,69597,Bensin,Manual,Sangat Baik,188000000
Toyota Fortuner,2018,122157,Bensin,Manual,Sangat Baik,410000000
Toyota Fortuner,2021,87848,Bensin,Otomatis,Sangat Baik,528000000
Mitsubishi Xpander,2022,59719,Bensin,Manual,Cukup,263000000
Daihatsu Sigra,2022,70661,Bensin,Manual,Sangat Baik,147000000
Toyota Fortuner,2019,90656,Diesel,Manual,Sangat Baik,446000000
Honda Brio,2020,84432,Bensin,Manual,Baik,165000000
Toyota Fortuner,2021,86715,Diesel,Otomatis,Baik,525000000
Mitsubishi Xpander,2019,76237,Bensin,Manual,Cukup,206000000
Toyota Avanza,2022,44236,Bensin,Manual,Baik,207000000
Toyota Fortuner,2022,43672,Bensin,Otomatis,Baik,575000000
Honda Brio,2022,48638,Bensin,Otomatis,Sangat Baik,205000000
Daihatsu Sigra,2018,138226,Bensin,Otomatis,Cukup,101000000
Daihatsu Sigra,2022,55553,Bensin,Otomatis,Cukup,155000000
Toyota Avanza,2018,135729,Bensin,Otomatis,Baik,142000000
Toyota Innova Reborn,2021,73182,Bensin,Manual,Baik,381000000
Honda Brio,2021,74767,Bensin,Manual,Cukup,175000000
Toyota Innova Reborn,2021,54511,Diesel,Manual,Baik,376000000
Toyota Innova Reborn,2021,70917,Bensin,Otomatis,Cukup,382000000
Toyota Avanza,2018,113440,Bensin,Otomatis,Baik,143000000
Mitsubishi Xpander,2018,81691,Bensin,Manual,Baik,186000000
Toyota Avanza,2019,114717,Bensin,Otomatis,Sangat Baik,157000000
Toyota Avanza,2021,49137,Bensin,Manual,Sangat Baik,197000000
Toyota Fortuner,2021,50845,Diesel,Otomatis,Cukup,536000000
Toyota Fortuner,2022,41206,Diesel,Otomatis,Baik,576000000
Mitsubishi Xpander,2020,69702,Bensin,Otomatis,Cukup,223000000
Honda Brio,2023,49229,Bensin,Manual,Baik,203000000
Honda Brio,2022,69232,Bensin,Otomatis,Sangat Baik,203000000
Toyota Avanza,2021,62539,Bensin,Manual,Baik,193000000
Honda Brio,2019,108934,Bensin,Manual,Baik,142000000
Honda Brio,2022,66626,Bensin,Otomatis,Sangat Baik,193000000
Toyota Innova Reborn,2019,74955,Bensin,Manual,Baik,330000000
Daihatsu Sigra,2021,60535,Bensin,Otomatis,Cukup,146000000
Toyota Fortuner,2018,72841,Diesel,Manual,Sangat Baik,418000000
Mitsubishi Xpander,2021,48357,Bensin,Manual,Cukup,250000000
Honda Brio,2020,56789,Bensin,Manual,Baik,171000000
Toyota Fortuner,2018,110174,Bensin,Manual,Cukup,412000000
Toyota Fortuner,2019,112455,Bensin,Manual,Cukup,440000000
Toyota Avanza,2018,73583,Bensin,Otomatis,Sangat Baik,156000000
Mitsubishi Xpander,2018,92090,Bensin,Otomatis,Baik,191000000
Toyota Innova Reborn,2021,51402,Diesel,Otomatis,Baik,381000000
Toyota Avanza,2018,138526,Bensin,Otomatis,Baik,143000000
Toyota Avanza,2018,139837,Bensin,Manual,Cukup,138000000
Honda Brio,2022,60615,Bensin,Manual,Cukup,197000000
Toyota Fortuner,2020,82293,Bensin,Manual,Baik,484000000
Honda Brio,2020,88195,Bensin,Manual,Baik,166000000
Toyota Innova Reborn,2018,86435,Diesel,Otomatis,Cukup,304000000
Toyota Fortuner,2019,90171,Bensin,Manual,Sangat Baik,438000000
Toyota Innova Reborn,2020,79623,Bensin,Otomatis,Baik,353000000
Daihatsu Sigra,2022,47729,Bensin,Otomatis,Sangat Baik,158000000
Toyota Avanza,2018,113521,Bensin,Manual,Baik,139000000
Toyota Fortuner,2020,103360,Bensin,Otomatis,Baik,489000000
Honda Brio,2019,123513,Bensin,Manual,Baik,145000000
Toyota Fortuner,2019,84330,Bensin,Otomatis,Baik,453000000
Toyota Innova Reborn,2022,48425,Diesel,Otomatis,Baik,419000000
Mitsubishi Xpander,2019,94333,Bensin,Otomatis,Baik,211000000
Toyota Fortuner,2020,64672,Diesel,Manual,Baik,489000000
Honda Brio,2019,88101,Bensin,Otomatis,Baik,154000000
Toyota Avanza,2019,104485,Bensin,Otomatis,Cukup,156000000
Daihatsu Sigra,2018,79360,Bensin,Manual,Baik,102000000
Daihatsu Sigra,2022,47495,Bensin,Otomatis,Baik,160000000
Honda Brio,2023,45179,Bensin,Otomatis,Cukup,211000000
Toyota Fortuner,2021,60750,Diesel,Manual,Baik,531000000
Toyota Avanza,2021,46743,Bensin,Manual,Sangat Baik,188000000
Daihatsu Sigra,2019,119917,Bensin,Manual,Baik,111000000
Toyota Innova Reborn,2018,128145,Bensin,Manual,Cukup,299000000
Mitsubishi Xpander,2022,43736,Bensin,Otomatis,Baik,270000000
Mitsubishi Xpander,2020,101205,Bensin,Manual,Sangat Baik,218000000
Toyota Fortuner,2018,72616,Bensin,Otomatis,Sangat Baik,418000000
Honda Brio,2021,76124,Bensin,Manual,Sangat Baik,175000000
Daihatsu Sigra,2019,104871,Bensin,Otomatis,Cukup,117000000
Mitsubishi Xpander,2019,69095,Bensin,Otomatis,Sangat Baik,208000000
Toyota Avanza,2022,36294,Bensin,Manual,Baik,204000000
Toyota Fortuner,2019,76323,Diesel,Otomatis,Sangat Baik,450000000
Honda Brio,2023,39760,Bensin,Manual,Sangat Baik,211000000
Toyota Avanza,2021,48877,Bensin,Manual,Sangat Baik,191000000
Toyota Innova Reborn,2019,63629,Diesel,Manual,Sangat Baik,332000000
Toyota Innova Reborn,2018,135213,Bensin,Otomatis,Cukup,294000000
Toyota Innova Reborn,2022,55959,Diesel,Manual,Sangat Baik,409000000
Toyota Avanza,2022,43024,Bensin,Otomatis,Sangat Baik,216000000
Honda Brio,2019,79120,Bensin,Otomatis,Baik,155000000
Toyota Fortuner,2019,114194,Diesel,Manual,Baik,434000000
Toyota Innova Reborn,2020,61601,Bensin,Manual,Baik,345000000
Toyota Fortuner,2020,78348,Diesel,Manual,Sangat Baik,488000000
Daihatsu Sigra,2021,50284,Bensin,Manual,Cukup,141000000
Toyota Innova Reborn,2019,116115,Diesel,Otomatis,Sangat Baik,325000000
Daihatsu Sigra,2022,38212,Bensin,Manual,Baik,153000000
Toyota Avanza,2018,107605,Bensin,Manual,Cukup,143000000
Toyota Avanza,2020,101699,Bensin,Otomatis,Baik,168000000
Toyota Avanza,2020,85421,Bensin,Otomatis,Cukup,173000000
Toyota Innova Reborn,2021,81259,Bensin,Manual,Cukup,379000000
Daihatsu Sigra,2019,105647,Bensin,Otomatis,Baik,113000000
Toyota Avanza,2019,111440,Bensin,Otomatis,Cukup,159000000
Mitsubishi Xpander,2018,102217,Bensin,Manual,Sangat Baik,186000000
Mitsubishi Xpander,2019,110688,Bensin,Otomatis,Baik,208000000
Honda Brio,2022,66479,Bensin,Otomatis,Sangat Baik,198000000
Daihatsu Sigra,2022,48212,Bensin,Otomatis,Baik,154000000
Daihatsu Sigra,2021,68060,Bensin,Otomatis,Baik,138000000
Toyota Fortuner,2021,73926,Bensin,Manual,Sangat Baik,524000000
Daihatsu Sigra,2020,100401,Bensin,Otomatis,Cukup,121000000
Toyota Innova Reborn,2019,90991,Bensin,Manual,Sangat Baik,323000000
Mitsubishi Xpander,2022,56678,Bensin,Otomatis,Sangat Baik,272000000
Toyota Fortuner,2019,99557,Diesel,Otomatis,Sangat Baik,448000000
Toyota Fortuner,2021,48238,Diesel,Otomatis,Baik,535000000
Daihatsu Sigra,2022,56157,Bensin,Otomatis,Sangat Baik,157000000
Toyota Innova Reborn,2020,92275,Diesel,Otomatis,Baik,348000000
Toyota Avanza,2022,42258,Bensin,Otomatis,Baik,211000000
Mitsubishi Xpander,2020,72431,Bensin,Otomatis,Baik,231000000
Toyota Avanza,2021,69705,Bensin,Manual,Baik,185000000
Toyota Avanza,2018,81434,Bensin,Manual,Baik,154000000
Mitsubishi Xpander,2022,50065,Bensin,Otomatis,Baik,266000000
Toyota Fortuner,2019,77399,Diesel,Manual,Baik,441000000
Honda Brio,2020,62715,Bensin,Otomatis,Sangat Baik,167000000
Toyota Fortuner,2022,36769,Bensin,Manual,Baik,567000000
Daihatsu Sigra,2020,81699,Bensin,Manual,Cukup,125000000
Daihatsu Sigra,2019,115923,Bensin,Manual,Cukup,107000000
Daihatsu Sigra,2022,44896,Bensin,Manual,Baik,157000000
Toyota Innova Reborn,2020,86876,Diesel,Manual,Cukup,343000000
Toyota Avanza,2018,124056,Bensin,Manual,Baik,141000000
Daihatsu Sigra,2021,70622,Bensin,Otomatis,Baik,143000000
Daihatsu Sigra,2019,78498,Bensin,Manual,Sangat Baik,119000000
Mitsubishi Xpander,2021,65795,Bensin,Manual,Baik,242000000
Toyota Avanza,2019,80973,Bensin,Otomatis,Cukup,163000000
Toyota Avanza,2022,39723,Bensin,Manual,Cukup,204000000
Toyota Innova Reborn,2019,65019,Diesel,Otomatis,Sangat Baik,328000000
Honda Brio,2021,80285,Bensin,Otomatis,Cukup,179000000
Toyota Innova Reborn,2018,126532,Diesel,Otomatis,Baik,302000000
Daihatsu Sigra,2021,71163,Bensin,Manual,Baik,138000000
Toyota Fortuner,2020,76142,Bensin,Manual,Baik,481000000
Daihatsu Sigra,2018,138693,Bensin,Otomatis,Sangat Baik,103000000
Toyota Avanza,2018,91700,Bensin,Manual,Sangat Baik,145000000
Toyota Innova Reborn,2020,58351,Diesel,Manual,Cukup,355000000
Daihatsu Sigra,2020,98022,Bensin,Otomatis,Baik,128000000
Daihatsu Sigra,2022,60258,Bensin,Manual,Baik,149000000
Toyota Fortuner,2020,58675,Bensin,Otomatis,Sangat Baik,492000000
Toyota Innova Reborn,2019,91992,Bensin,Otomatis,Sangat Baik,329000000
Toyota Fortuner,2022,56231,Diesel,Otomatis,Cukup,572000000
Daihatsu Sigra,2018,118860,Bensin,Manual,Sangat Baik,103000000
Toyota Fortuner,2018,101893,Bensin,Otomatis,Baik,418000000
Toyota Innova Reborn,2019,74859,Diesel,Manual,Cukup,326000000
Mitsubishi Xpander,2019,65151,Bensin,Otomatis,Baik,212000000
Daihatsu Sigra,2021,55778,Bensin,Otomatis,Baik,142000000
Toyota Innova Reborn,2022,60347,Diesel,Otomatis,Baik,408000000
Toyota Avanza,2019,94152,Bensin,Manual,Sangat Baik,160000000
Daihatsu Sigra,2018,102268,Bensin,Otomatis,Cukup,103000000
Daihatsu Sigra,2018,83705,Bensin,Otomatis,Baik,112000000
Toyota Fortuner,2020,95913,Diesel,Manual,Sangat Baik,485000000
Toyota Fortuner,2018,95319,Bensin,Manual,Baik,408000000
Honda Brio,2019,73879,Bensin,Manual,Baik,148000000
Toyota Fortuner,2022,64264,Diesel,Otomatis,Cukup,570000000
Toyota Innova Reborn,2019,70252,Diesel,Otomatis,Baik,333000000
Toyota Fortuner,2022,61186,Bensin,Otomatis,Cukup,565000000
Mitsubishi Xpander,2018,115673,Bensin,Otomatis,Baik,187000000
Toyota Avanza,2021,73621,Bensin,Manual,Baik,182000000
Mitsubishi Xpander,2021,47017,Bensin,Manual,Sangat Baik,252000000
Toyota Innova Reborn,2022,68905,Bensin,Otomatis,Cukup,410000000
Daihatsu Sigra,2020,106668,Bensin,Manual,Sangat Baik,118000000
Toyota Fortuner,2018,72528,Diesel,Manual,Sangat Baik,411000000
Mitsubishi Xpander,2019,88225,Bensin,Manual,Baik,202000000
Toyota Avanza,2021,61642,Bensin,Otomatis,Baik,190000000
Toyota Fortuner,2021,49150,Diesel,Manual,Baik,537000000
Toyota Avanza,2021,72073,Bensin,Otomatis,Baik,192000000
Daihatsu Sigra,2022,42050,Bensin,Otomatis,Cukup,154000000
Daihatsu Sigra,2019,109801,Bensin,Otomatis,Cukup,112000000
Toyota Innova Reborn,2021,48395,Diesel,Otomatis,Baik,386000000
Daihatsu Sigra,2021,87753,Bensin,Manual,Baik,131000000
Mitsubishi Xpander,2019,99637,Bensin,Otomatis,Sangat Baik,202000000
Toyota Innova Reborn,2020,77645,Diesel,Manual,Baik,351000000
Honda Brio,2023,46281,Bensin,Manual,Baik,208000000
Honda Brio,2023,45774,Bensin,Manual,Baik,203000000
Mitsubishi Xpander,2020,71347,Bensin,Otomatis,Baik,228000000
Honda Brio,2022,66896,Bensin,Manual,Cukup,192000000
Daihatsu Sigra,2018,113156,Bensin,Otomatis,Sangat Baik,101000000
Toyota Avanza,2019,122664,Bensin,Manual,Cukup,148000000
Toyota Innova Reborn,2020,56592,Diesel,Otomatis,Baik,355000000
Toyota Innova Reborn,2020,67524,Diesel,Otomatis,Sangat Baik,357000000
Honda Brio,2022,65235,Bensin,Otomatis,Cukup,195000000
Toyota Fortuner,2018,99160,Diesel,Otomatis,Baik,414000000
Toyota Innova Reborn,2020,87808,Diesel,Manual,Baik,347000000
Mitsubishi Xpander,2021,56626,Bensin,Manual,Baik,248000000
Honda Brio,2018,131542,Bensin,Otomatis,Cukup,137000000
Toyota Avanza,2019,105808,Bensin,Otomatis,Cukup,156000000
Mitsubishi Xpander,2021,59566,Bensin,Manual,Sangat Baik,244000000
Daihatsu Sigra,2021,72816,Bensin,Otomatis,Cukup,137000000
Mitsubishi Xpander,2018,87784,Bensin,Manual,Baik,185000000
Toyota Avanza,2021,53576,Bensin,Otomatis,Baik,196000000
Honda Brio,2019,92719,Bensin,Manual,Sangat Baik,145000000
Toyota Fortuner,2020,94750,Bensin,Manual,Baik,485000000
Toyota Fortuner,2020,59642,Diesel,Manual,Baik,493000000
Toyota Avanza,2018,106571,Bensin,Manual,Baik,140000000
Toyota Avanza,2020,61333,Bensin,Otomatis,Baik,180000000
Mitsubishi Xpander,2019,82876,Bensin,Manual,Baik,203000000
Honda Brio,2022,39240,Bensin,Manual,Sangat Baik,200000000
Honda Brio,2023,51642,Bensin,Otomatis,Baik,212000000
Toyota Avanza,2020,83679,Bensin,Otomatis,Sangat Baik,176000000
Toyota Avanza,2021,62395,Bensin,Manual,Sangat Baik,184000000
Mitsubishi Xpander,2019,100198,Bensin,Manual,Sangat Baik,199000000
Toyota Fortuner,2022,51398,Bensin,Manual,Sangat Baik,565000000
Honda Brio,2022,71781,Bensin,Manual,Baik,192000000
Toyota Innova Reborn,2020,85351,Diesel,Manual,Baik,346000000
Honda Brio,2023,51133,Bensin,Otomatis,Cukup,214000000
Honda Brio,2021,73800,Bensin,Otomatis,Baik,185000000
Honda Brio,2022,41029,Bensin,Otomatis,Cukup,200000000
Honda Brio,2019,120765,Bensin,Manual,Baik,141000000
Daihatsu Sigra,2021,53501,Bensin,Manual,Baik,137000000
Toyota Innova Reborn,2021,52347,Diesel,Manual,Sangat Baik,377000000
Honda Brio,2023,39684,Bensin,Otomatis,Sangat Baik,212000000
Daihatsu Sigra,2022,36178,Bensin,Otomatis,Cukup,155000000
Daihatsu Sigra,2018,138292,Bensin,Manual,Baik,93000000
Toyota Innova Reborn,2019,118326,Diesel,Manual,Baik,321000000
Honda Brio,2021,46203,Bensin,Manual,Cukup,184000000
Toyota Avanza,2018,82405,Bensin,Otomatis,Baik,157000000
Daihatsu Sigra,2021,67277,Bensin,Manual,Baik,142000000
Toyota Avanza,2021,77355,Bensin,Otomatis,Baik,195000000
Honda Brio,2020,63536,Bensin,Otomatis,Baik,175000000
Toyota Avanza,2022,62742,Bensin,Otomatis,Cukup,212000000
Daihatsu Sigra,2020,67552,Bensin,Manual,Cukup,131000000
Mitsubishi Xpander,2019,123464,Bensin,Manual,Sangat Baik,201000000
Honda Brio,2023,43592,Bensin,Manual,Baik,207000000
Daihatsu Sigra,2021,82731,Bensin,Otomatis,Baik,136000000
Daihatsu Sigra,2021,78674,Bensin,Manual,Baik,139000000
Toyota Avanza,2022,53348,Bensin,Manual,Baik,206000000
Honda Brio,2022,39793,Bensin,Otomatis,Baik,208000000
Mitsubishi Xpander,2019,84450,Bensin,Manual,Cukup,208000000
Daihatsu Sigra,2019,109625,Bensin,Otomatis,Baik,118000000
Daihatsu Sigra,2019,85202,Bensin,Otomatis,Cukup,119000000
Honda Brio,2021,61219,Bensin,Manual,Baik,175000000
Toyota Fortuner,2020,54722,Diesel,Manual,Cukup,491000000
Honda Brio,2022,56758,Bensin,Manual,Cukup,198000000
Daihatsu Sigra,2020,84395,Bensin,Manual,Cukup,128000000
Mitsubishi Xpander,2018,77764,Bensin,Otomatis,Baik,194000000
Toyota Fortuner,2020,87144,Bensin,Otomatis,Sangat Baik,490000000
Toyota Avanza,2020,73530,Bensin,Otomatis,Sangat Baik,171000000
Toyota Fortuner,2021,77822,Bensin,Manual,Sangat Baik,531000000
Honda Brio,2020,98280,Bensin,Otomatis,Sangat Baik,162000000
Mitsubishi Xpander,2020,66723,Bensin,Manual,Baik,221000000
Daihatsu Sigra,2022,64825,Bensin,Otomatis,Cukup,157000000
Honda Brio,2021,79925,Bensin,Otomatis,Cukup,186000000
Mitsubishi Xpander,2018,104358,Bensin,Manual,Sangat Baik,187000000
Honda Brio,2021,55841,Bensin,Manual,Baik,182000000
Honda Brio,2022,61281,Bensin,Manual,Baik,195000000
Toyota Avanza,2021,52700,Bensin,Manual,Baik,185000000
Mitsubishi Xpander,2020,107907,Bensin,Manual,Baik,210000000
Toyota Fortuner,2019,111110,Diesel,Manual,Sangat Baik,438000000
Toyota Innova Reborn,2019,72674,Diesel,Manual,Sangat Baik,321000000
Toyota Innova Reborn,2020,55747,Diesel,Manual,Baik,349000000
Mitsubishi Xpander,2019,91421,Bensin,Manual,Baik,206000000
Toyota Avanza,2020,87894,Bensin,Manual,Cukup,172000000
Toyota Fortuner,2018,95410,Bensin,Otomatis,Baik,419000000
Honda Brio,2023,31552,Bensin,Otomatis,Baik,217000000
Toyota Innova Reborn,2021,83628,Diesel,Otomatis,Sangat Baik,384000000
Toyota Innova Reborn,2021,54229,Diesel,Otomatis,Cukup,380000000
Toyota Fortuner,2019,98341,Diesel,Manual,Sangat Baik,443000000
Toyota Avanza,2018,72814,Bensin,Otomatis,Baik,156000000
Honda Brio,2021,53183,Bensin,Manual,Sangat Baik,175000000
Toyota Innova Reborn,2019,125079,Bensin,Manual,Baik,321000000
Toyota Avanza,2018,126109,Bensin,Otomatis,Baik,149000000
Toyota Avanza,2021,49461,Bensin,Manual,Cukup,187000000
Toyota Avanza,2019,65793,Bensin,Manual,Cukup,165000000
Toyota Innova Reborn,2020,56317,Bensin,Manual,Sangat Baik,348000000
Toyota Fortuner,2020,90630,Diesel,Otomatis,Cukup,486000000
Honda Brio,2019,119095,Bensin,Manual,Baik,141000000
Toyota Avanza,2018,122171,Bensin,Manual,Baik,141000000
Toyota Innova Reborn,2019,75078,Diesel,Manual,Cukup,322000000
Toyota Innova Reborn,2019,79455,Diesel,Otomatis,Sangat Baik,330000000
Toyota Avanza,2018,111966,Bensin,Otomatis,Sangat Baik,153000000
Mitsubishi Xpander,2021,78806,Bensin,Manual,Baik,239000000
Mitsubishi Xpander,2021,73294,Bensin,Otomatis,Cukup,245000000
Toyota Avanza,2020,98448,Bensin,Manual,Sangat Baik,171000000
Honda Brio,2022,39417,Bensin,Otomatis,Baik,203000000
Toyota Innova Reborn,2022,53385,Diesel,Otomatis,Cukup,416000000
Toyota Fortuner,2018,123716,Diesel,Otomatis,Baik,411000000
Toyota Innova Reborn,2019,80647,Diesel,Otomatis,Cukup,333000000
Toyota Fortuner,2018,82909,Bensin,Otomatis,Cukup,416000000
Toyota Fortuner,2018,135199,Bensin,Manual,Sangat Baik,406000000
Toyota Innova Reborn,2020,75865,Diesel,Manual,Sangat Baik,347000000
Daihatsu Sigra,2021,67778,Bensin,Manual,Cukup,143000000
Daihatsu Sigra,2018,83506,Bensin,Otomatis,Baik,113000000
Toyota Fortuner,2022,47652,Bensin,Otomatis,Baik,569000000
Toyota Innova Reborn,2022,36582,Diesel,Otomatis,Cukup,424000000
Honda Brio,2019,101706,Bensin,Otomatis,Baik,151000000
Toyota Avanza,2020,64560,Bensin,Manual,Cukup,178000000
Mitsubishi Xpander,2021,75892,Bensin,Otomatis,Baik,249000000
Toyota Innova Reborn,2019,70554,Bensin,Manual,Sangat Baik,321000000
Toyota Innova Reborn,2018,74363,Bensin,Manual,Baik,303000000
Toyota Innova Reborn,2019,102374,Bensin,Otomatis,Sangat Baik,324000000
Toyota Fortuner,2022,60170,Bensin,Manual,Cukup,560000000
Honda Brio,2020,92413,Bensin,Otomatis,Baik,161000000
Toyota Innova Reborn,2019,116209,Bensin,Otomatis,Cukup,323000000
Honda Brio,2022,62059,Bensin,Otomatis,Sangat Baik,201000000
Honda Brio,2023,48999,Bensin,Otomatis,Baik,207000000
Toyota Fortuner,2020,86457,Bensin,Otomatis,Baik,486000000
Toyota Innova Reborn,2021,70256,Bensin,Otomatis,Baik,381000000
Daihatsu Sigra,2019,65944,Bensin,Otomatis,Baik,120000000
Mitsubishi Xpander,2018,77941,Bensin,Manual,Baik,188000000
Toyota Fortuner,2021,72370,Bensin,Manual,Cukup,526000000
Toyota Avanza,2020,55190,Bensin,Manual,Baik,179000000
Honda Brio,2022,48848,Bensin,Otomatis,Baik,206000000
Toyota Avanza,2021,50555,Bensin,Otomatis,Baik,192000000
Toyota Fortuner,2022,58739,Diesel,Manual,Baik,562000000
Mitsubishi Xpander,2019,106950,Bensin,Manual,Baik,205000000
Mitsubishi Xpander,2021,84263,Bensin,Otomatis,Baik,242000000
Mitsubishi Xpander,2018,73595,Bensin,Manual,Cukup,191000000
Toyota Avanza,2022,65583,Bensin,Manual,Baik,198000000
Toyota Avanza,2021,71769,Bensin,Otomatis,Sangat Baik,195000000
Toyota Avanza,2018,96101,Bensin,Manual,Cukup,147000000
Toyota Innova Reborn,2018,102513,Bensin,Manual,Baik,301000000
Toyota Avanza,2022,48661,Bensin,Otomatis,Sangat Baik,207000000
Toyota Avanza,2022,40031,Bensin,Otomatis,Baik,210000000
Toyota Avanza,2019,81990,Bensin,Manual,Baik,161000000
Toyota Fortuner,2019,90837,Bensin,Manual,Baik,441000000
Toyota Avanza,2021,47593,Bensin,Manual,Baik,194000000
Toyota Avanza,2022,67314,Bensin,Otomatis,Baik,205000000
Honda Brio,2020,100607,Bensin,Otomatis,Sangat Baik,167000000
Honda Brio,2022,43397,Bensin,Manual,Baik,193000000
Toyota Fortuner,2020,82191,Bensin,Manual,Sangat Baik,487000000
Toyota Avanza,2021,75065,Bensin,Manual,Cukup,182000000
Daihatsu Sigra,2022,64301,Bensin,Manual,Cukup,147000000
Daihatsu Sigra,2019,122195,Bensin,Manual,Sangat Baik,102000000
Toyota Avanza,2019,101605,Bensin,Otomatis,Baik,163000000
Daihatsu Sigra,2020,94436,Bensin,Otomatis,Baik,131000000
Mitsubishi Xpander,2019,103404,Bensin,Manual,Baik,196000000
Mitsubishi Xpander,2019,67950,Bensin,Otomatis,Sangat Baik,210000000
Mitsubishi Xpander,2020,96183,Bensin,Manual,Baik,222000000
Mitsubishi Xpander,2020,66050,Bensin,Otomatis,Baik,232000000
Mitsubishi Xpander,2018,85400,Bensin,Otomatis,Baik,196000000
Toyota Innova Reborn,2018,93631,Diesel,Otomatis,Baik,312000000
Mitsubishi Xpander,2018,113883,Bensin,Otomatis,Baik,189000000
Mitsubishi Xpander,2020,98323,Bensin,Manual,Baik,213000000
Honda Brio,2018,130046,Bensin,Otomatis,Sangat Baik,139000000
Honda Brio,2019,69884,Bensin,Otomatis,Baik,160000000
Daihatsu Sigra,2019,121146,Bensin,Otomatis,Baik,109000000
Toyota Fortuner,2018,123715,Diesel,Manual,Cukup,403000000
Toyota Innova Reborn,2020,62768,Diesel,Manual,Sangat Baik,351000000
Toyota Avanza,2020,92076,Bensin,Otomatis,Cukup,173000000
Daihatsu Sigra,2021,79692,Bensin,Otomatis,Baik,139000000
Daihatsu Sigra,2018,125522,Bensin,Manual,Cukup,94000000
Honda Brio,2023,37042,Bensin,Otomatis,Cukup,211000000
Toyota Innova Reborn,2022,54009,Bensin,Manual,Cukup,407000000
Toyota Fortuner,2021,89388,Diesel,Otomatis,Cukup,533000000
Toyota Fortuner,2018,93965,Diesel,Otomatis,Baik,418000000
Toyota Fortuner,2021,60772,Diesel,Otomatis,Sangat Baik,534000000
Honda Brio,2018,140253,Bensin,Manual,Cukup,123000000
Honda Brio,2022,66346,Bensin,Otomatis,Cukup,194000000
Honda Brio,2019,112472,Bensin,Otomatis,Baik,146000000
Toyota Fortuner,2019,85460,Diesel,Manual,Sangat Baik,444000000
Toyota Fortuner,2018,91530,Diesel,Otomatis,Cukup,413000000
Mitsubishi Xpander,2021,73044,Bensin,Otomatis,Sangat Baik,247000000
Toyota Avanza,2019,64932,Bensin,Otomatis,Sangat Baik,173000000
Daihatsu Sigra,2020,90687,Bensin,Otomatis,Cukup,132000000
Daihatsu Sigra,2021,63320,Bensin,Otomatis,Baik,146000000
Toyota Avanza,2019,76671,Bensin,Manual,Cukup,163000000
Toyota Avanza,2022,53932,Bensin,Manual,Sangat Baik,210000000
Toyota Innova Reborn,2018,75489,Bensin,Otomatis,Cukup,307000000
Mitsubishi Xpander,2021,84606,Bensin,Manual,Sangat Baik,241000000
Toyota Innova Reborn,2019,98670,Bensin,Otomatis,Baik,324000000
Honda Brio,2018,114123,Bensin,Otomatis,Baik,143000000
Honda Brio,2022,70215,Bensin,Otomatis,Baik,196000000
Daihatsu Sigra,2021,52800,Bensin,Manual,Baik,145000000
Honda Brio,2020,55679,Bensin,Otomatis,Baik,177000000
Mitsubishi Xpander,2020,84897,Bensin,Otomatis,Cukup,220000000
Honda Brio,2021,87071,Bensin,Otomatis,Cukup,181000000
Daihatsu Sigra,2021,69340,Bensin,Otomatis,Baik,141000000
Honda Brio,2021,69504,Bensin,Otomatis,Baik,187000000
Toyota Innova Reborn,2021,77868,Diesel,Otomatis,Sangat Baik,376000000
Toyota Fortuner,2021,49913,Bensin,Manual,Sangat Baik,537000000
Mitsubishi Xpander,2021,82124,Bensin,Otomatis,Baik,241000000
Mitsubishi Xpander,2019,123781,Bensin,Manual,Baik,200000000
Honda Brio,2023,31093,Bensin,Manual,Sangat Baik,211000000
Daihatsu Sigra,2019,94806,Bensin,Manual,Baik,115000000
Mitsubishi Xpander,2019,125194,Bensin,Otomatis,Baik,199000000
Toyota Fortuner,2021,54908,Diesel,Otomatis,Baik,535000000
Mitsubishi Xpander,2020,58020,Bensin,Manual,Baik,229000000
Honda Brio,2022,64301,Bensin,Manual,Sangat Baik,193000000
Toyota Avanza,2022,54936,Bensin,Manual,Baik,204000000
Toyota Fortuner,2020,83696,Diesel,Otomatis,Sangat Baik,489000000
Toyota Innova Reborn,2022,64273,Bensin,Otomatis,Baik,416000000
Mitsubishi Xpander,2019,123440,Bensin,Otomatis,Baik,196000000
Mitsubishi Xpander,2021,87780,Bensin,Manual,Baik,238000000
Daihatsu Sigra,2020,104446,Bensin,Manual,Cukup,123000000
Toyota Fortuner,2021,53683,Bensin,Manual,Sangat Baik,532000000
Toyota Innova Reborn,2019,102326,Diesel,Manual,Sangat Baik,317000000
Toyota Innova Reborn,2018,106754,Diesel,Manual,Cukup,304000000
Mitsubishi Xpander,2020,93204,Bensin,Manual,Baik,216000000
Mitsubishi Xpander,2019,102856,Bensin,Otomatis,Sangat Baik,201000000
Daihatsu Sigra,2018,81528,Bensin,Manual,Baik,103000000
Toyota Innova Reborn,2022,50125,Bensin,Manual,Sangat Baik,410000000
Daihatsu Sigra,2019,112513,Bensin,Otomatis,Sangat Baik,115000000
Daihatsu Sigra,2018,129772,Bensin,Otomatis,Baik,100000000
Toyota Fortuner,2022,56686,Bensin,Manual,Baik,568000000
Toyota Fortuner,2018,110046,Bensin,Manual,Baik,410000000
Toyota Innova Reborn,2020,55695,Diesel,Otomatis,Baik,354000000
Toyota Fortuner,2019,122068,Diesel,Manual,Baik,438000000
Toyota Avanza,2018,116487,Bensin,Otomatis,Baik,143000000
Toyota Avanza,2018,123537,Bensin,Manual,Baik,138000000
Mitsubishi Xpander,2020,102300,Bensin,Otomatis,Cukup,221000000
Honda Brio,2023,39950,Bensin,Manual,Baik,210000000
Toyota Innova Reborn,2021,75833,Bensin,Otomatis,Cukup,382000000
Honda Brio,2020,54117,Bensin,Manual,Cukup,171000000
Mitsubishi Xpander,2022,66327,Bensin,Otomatis,Cukup,273000000
Toyota Innova Reborn,2019,95165,Diesel,Otomatis,Baik,323000000
Toyota Innova Reborn,2020,82662,Bensin,Otomatis,Baik,354000000
Toyota Innova Reborn,2022,53456,Bensin,Otomatis,Baik,416000000
Toyota Innova Reborn,2018,115437,Diesel,Otomatis,Sangat Baik,302000000
Toyota Fortuner,2020,106667,Diesel,Otomatis,Baik,487000000
Toyota Avanza,2020,102205,Bensin,Manual,Baik,163000000
Toyota Fortuner,2020,61841,Diesel,Manual,Cukup,485000000
Daihatsu Sigra,2021,57992,Bensin,Otomatis,Sangat Baik,142000000
Toyota Avanza,2021,74959,Bensin,Manual,Baik,185000000
Toyota Fortuner,2018,113520,Diesel,Manual,Baik,410000000
Honda Brio,2019,89629,Bensin,Manual,Baik,147000000
Toyota Fortuner,2018,136842,Diesel,Otomatis,Cukup,412000000
